Sells,Dunstan,N,Rue de underwrites,48086,Obesi,Manager
Schwandermann,Rebeka,N,Rue de sauerkraut's,79080,Luzon,Stagiaire
Joynes,Edouard,F,Rue de complication's,19842,Shalakusha,Stagiaire
Ellens,Tedmund,H,Rue de procedure's,08940,Pomacocha,Manager
Gadsdon,Tiffi,H,Rue de harem's,17081,Rasskazovo,Employé
Jellman,Teodoor,F,Rue de impertinence,35035,Rublëvo,Employé
Vowdon,Morganica,N,Rue de pedals,67833,Srebrenica,Employé
Fendlen,Cammie,H,Rue de unintelligible,54131,Yushugou,Employé
Aggiss,Laina,N,Rue de semiconductor's,33678,Viana,Employé
Mapples,Cynthia,N,Rue de coverage's,08607,Pýrgos,Stagiaire
Fischer,Gus,N,Rue de lauds,14692,Maae,Manager
Acres,Edgardo,N,Rue de roosts,50953,Stanovoye,Stagiaire
Mundle,Cathi,H,Rue de sovereignty's,50023,Serednye Vodyane,Stagiaire
Rouby,Bess,N,Rue de downgrading,74132,Chengyue,Manager
Alans,Menard,H,Rue de squandered,56166,Youguzhuang,Manager
Goadby,Erny,F,Rue de multiplication,74176,Eleftheroúpolis,Stagiaire
Bartolommeo,Dollie,H,Rue de palominos,52536,Xiang Ngeun,Stagiaire
Coule,Sibeal,N,Rue de anesthesia,23828,Luleå,Stagiaire
Scoles,Tawsha,N,Rue de staid,04506,Hallstahammar,Employé
Fingleton,Hi,F,Rue de libels,65759,Monte Redondo,Stagiaire
Shatford,Jammal,N,Rue de rayon's,51853,Karafao,Stagiaire
Parysowna,Curtis,H,Rue de badminton's,34882,Vereshchagino,Manager
Itzchaky,Hoebart,H,Rue de lastly,68552,Sadabumi,Manager
Bolstridge,Rickie,N,Rue de protestors,24104,Teongtoda,Manager
Roxbee,Burke,N,Rue de potency's,41761,Huayuan,Stagiaire
Druce,Norean,N,Rue de filmed,76806,Zhujiang,Manager
Brodnecke,Perice,F,Rue de refrigeration's,22166,Hà Tĩnh,Stagiaire
Dy,Javier,N,Rue de candidate,59906,Soubré,Stagiaire
Clissett,Chantal,N,Rue de outwits,89094,Wairiang,Stagiaire
Chuck,Geoffry,F,Rue de revel,85676,Mhlume,Manager
David,Alvira,F,Rue de hunchbacks,04895,Palcza,Stagiaire
Fetherstan,Betsey,N,Rue de colloquialisms,61509,Kesabpur,Employé
Janes,Hollyanne,F,Rue de qualitative,82878,Emiliano Zapata,Stagiaire
Bridgeland,Ambrosio,N,Rue de countryside,89669,Ninove,Employé
Binns,Linnet,N,Rue de virtuoso,86646,San Luis,Manager
Kempe,Valry,N,Rue de wholeheartedly,93913,Tekstil’shchiki,Stagiaire
Clacey,Paquito,N,Rue de revolutionary's,87986,Buawan,Employé
Shelvey,Ellary,H,Rue de bobsleds,01148,Rifu,Manager
Bompas,Letta,N,Rue de quibbles,73596,Fatufeto,Employé
Snellman,Oren,H,Rue de communication's,57534,Laoshawan,Stagiaire
Bachman,Fiann,N,Rue de gushed,37573,Volgorechensk,Employé
Kilborn,Dannie,N,Rue de fraternity's,58885,Al ‘Awjā,Stagiaire
Minci,Linell,H,Rue de longshoreman's,13771,Guisguis,Stagiaire
Sherston,Lethia,N,Rue de eightieth's,02467,Ambatolaona,Manager
McGinney,Georg,N,Rue de bipeds,18843,Zhongtang,Stagiaire
Oldford,Devonne,N,Rue de comradeship's,58737,Dahe,Stagiaire
Dunmore,Stacia,N,Rue de nag's,87451,Pehčevo,Stagiaire
Palay,Cathrine,H,Rue de conforming,60292,Szczurowa,Employé
Pearne,Lanae,N,Rue de utensil's,55482,Datartua,Employé
Sedgmond,Quintana,N,Rue de wigwam's,25095,Tanashichō,Stagiaire
Garland,Theodora,N,Rue de tiptoes,66688,Drummondville,Stagiaire
Edensor,Annie,N,Rue de act's,18510,Brumado,Stagiaire
Barette,Matthaeus,N,Rue de inefficiency,07555,Taibai,Stagiaire
Whaplington,Quentin,H,Rue de scatterbrain's,20661,Janowice,Stagiaire
Husthwaite,Flore,H,Rue de educations,60772,Cidadap,Stagiaire
McNern,Salomon,N,Rue de timetable's,68756,Svetogorsk,Stagiaire
Paulig,Lilian,N,Rue de inane,57233,Daxi,Manager
Blancowe,Anni,N,Rue de technologically,84491,Wangtai,Stagiaire
Dutchburn,Harry,N,Rue de pomegranate's,87730,Berber,Stagiaire
Kingsbury,Ethelbert,H,Rue de extraordinarily,84068,Novominskaya,Manager
